{
    "MyoSim_model":
    {
        "muscle_props":
        {
            "no_of_half_sarcomeres": 1,
            "series_k_linear_per_hs": 0
        },
        "hs_props":
        {
            "kinetic_scheme": "3state_with_SRX",
            "hs_length": 1300,
            "myofilaments":
            {
                "bin_min": -10,
                "bin_max": 10,
                "bin_width": 0.5,
                "thick_filament_length": 815,
                "thin_filament_length": 1120,
                "bare_zone_length": 80
            },
            "parameters":
            {
                "k_1": 5,
                "k_force": 5e-4,
                "k_2": 100,
                "k_3": 10,
                "xk_3": 0,
                "k_4_0": 30,
                "k_4_1": 0.1,
                "k_cb": 0.001,
                "x_ps": 5,
                "k_on": 8e7,
                "k_off": 200,
                "k_coop": 1,
                "passive_force_mode": "exponential",
                "passive_hsl_slack": 1000,
                "passive_sigma": 10,
                "passive_L": 100,
                "compliance_factor": 0.5,
                "cb_number_density": 6.9e16,
                "k_boltzmann": 1.38e-23,
                "temperature": 288,
                "max_rate": 5000
            }
        }
    }
}