{
    "MyoSim_model":
    {
        "muscle_props":
        {
            "no_of_half_sarcomeres": 1,
            "series_k_linear_per_hs": 0
        },
        "hs_props":
        {
            "kinetic_scheme": "2state_with_poly",
            "hs_length": 1300,
            "myofilaments":
            {
                "bin_min": -10,
                "bin_max": 10,
                "bin_width": 0.5,
                "thick_filament_length": 815,
                "thin_filament_length": 1120,
                "bare_zone_length": 80,
                "k_falloff": 0.002
            },
            "parameters":
            {
                "k_1": 25,
                "k_2_0": 25,
                "k_2_1": 0.3,
                "k_cb": 0.001,
                "x_ps": 5,
                "k_on": 8e7,
                "k_off": 200,
                "k_coop": 5,
                "passive_force_mode": "linear",
                "passive_hsl_slack": 1100,
                "passive_k_linear": 20,
                "compliance_factor": 0.5,
                "cb_number_density": 6.9e16,
                "k_boltzmann": 1.38e-23,
                "temperature": 288,
                "max_rate": 5000
            }
        }
    }
}
